wavelength,flux,fluxerr,source
0.3551,0.04965703,,SDSS+DR14
0.4686,0.07178228,,SDSS+DR14
0.6166,0.096386758,,SDSS+DR14
0.7480,0.127061728,,SDSS+DR14
0.8932,0.145840757,,SDSS+DR14
250,40,9,Stacey+2018
2.2,0.851386,,Fadely+2011
3.8,3.37605,,Fadely+2011