filter,wavelength,flux_total,flux_err,flux_G,flux_G_err,flux_A,flux_A_err,flux_B,flux_B_err,flux_C,flux_C_err,flux_D,flux_D_err_1,source,upper_limit
u,3551.0,0.04965703031600146,3.779570367631609e-10,0.04965703031600146,3.779570367631609e-10,0.0,0.0,0.0,0.0,0.0,0.0,0.0,0.0,SDSS+DR14,0.0
g,4686.0,0.07311686697986057,1.8547456233063804e-10,0.07311686697986057,1.8547456233063804e-10,0.0,0.0,0.0,0.0,0.0,0.0,0.0,0.0,SDSS+DR14,0.0
r,6166.0,0.11588310123640166,2.9395565519768067e-10,0.11588310123640166,2.9395565519768067e-10,0.0,0.0,0.0,0.0,0.0,0.0,0.0,0.0,SDSS+DR14,0.0
i,7480.0,0.15704305203406177,3.983668594907751e-10,0.15704305203406177,3.983668594907751e-10,0.0,0.0,0.0,0.0,0.0,0.0,0.0,0.0,SDSS+DR14,0.0
z,8932.0,0.17861914532796705,1.359862990829359e-09,0.17861914532796705,1.359862990829359e-09,0.0,0.0,0.0,0.0,0.0,0.0,0.0,0.0,SDSS+DR14,0.0
.,2500000.0,54.0,7.0,0.0,0.0,0.0,0.0,0.0,0.0,0.0,0.0,0.0,0.0,Stacey+2018,0.0
.,3500000.0,34.0,7.0,0.0,0.0,0.0,0.0,0.0,0.0,0.0,0.0,0.0,0.0,Stacey+2018,0.0
.,5000000.0,30.0,0.0,0.0,0.0,0.0,0.0,0.0,0.0,0.0,0.0,0.0,0.0,Stacey+2018,1.0
K',21200.0,3.705036352610486,0.13269588803755217,0.0,0.0,1.380467698039958,0.1271457737146645,1.721972648479949,0.0,0.6025960060905792,0.005550114322887667,0.0,0.0,Rusu+2016,0.0
